<?xml version="1.0" encoding="UTF-8"?>
<metadata xml:lang="en"><Esri><CreaDate>20231106</CreaDate><CreaTime>10061800</CreaTime><ArcGISFormat>1.0</ArcGISFormat><SyncOnce>FALSE</SyncOnce><DataProperties><itemProps><itemName Sync="TRUE">mpa_qld</itemName><imsContentType Sync="TRUE">002</imsContentType><itemSize Sync="TRUE">0.000</itemSize><itemLocation><linkage Sync="TRUE">file://\\AC-00X7F23343FB\C$\Users\S3694613\OneDrive - RMIT University\Documents\rmit_2023\UN_datathon\MARINE_PROTECTED_AREA\mpa_qld.shp</linkage><protocol Sync="TRUE">Local Area Network</protocol></itemLocation></itemProps><coordRef><type Sync="TRUE">Geographic</type><geogcsn Sync="TRUE">GCS_WGS_1984</geogcsn><csUnits Sync="TRUE">Angular Unit: Degree (0.017453)</csUnits><peXml Sync="TRUE">&lt;GeographicCoordinateSystem xsi:type='typens:GeographicCoordinateSystem' xmlns:xsi='http://www.w3.org/2001/XMLSchema-instance' xmlns:xs='http://www.w3.org/2001/XMLSchema' xmlns:typens='http://www.esri.com/schemas/ArcGIS/2.8.0'&gt;&lt;WKT&gt;GEOGCS[&amp;quot;GCS_WGS_1984&amp;quot;,DATUM[&amp;quot;D_WGS_1984&amp;quot;,SPHEROID[&amp;quot;WGS_1984&amp;quot;,6378137.0,298.257223563]],PRIMEM[&amp;quot;Greenwich&amp;quot;,0.0],UNIT[&amp;quot;Degree&amp;quot;,0.0174532925199433],AUTHORITY[&amp;quot;EPSG&amp;quot;,4326]]&lt;/WKT&gt;&lt;XOrigin&gt;-400&lt;/XOrigin&gt;&lt;YOrigin&gt;-400&lt;/YOrigin&gt;&lt;XYScale&gt;11258999068426.238&lt;/XYScale&gt;&lt;ZOrigin&gt;-100000&lt;/ZOrigin&gt;&lt;ZScale&gt;10000&lt;/ZScale&gt;&lt;MOrigin&gt;-100000&lt;/MOrigin&gt;&lt;MScale&gt;10000&lt;/MScale&gt;&lt;XYTolerance&gt;8.983152841195215e-09&lt;/XYTolerance&gt;&lt;ZTolerance&gt;0.001&lt;/ZTolerance&gt;&lt;MTolerance&gt;0.001&lt;/MTolerance&gt;&lt;HighPrecision&gt;true&lt;/HighPrecision&gt;&lt;LeftLongitude&gt;-180&lt;/LeftLongitude&gt;&lt;WKID&gt;4326&lt;/WKID&gt;&lt;LatestWKID&gt;4326&lt;/LatestWKID&gt;&lt;/GeographicCoordinateSystem&gt;</peXml></coordRef><lineage><Process ToolSource="c:\program files\arcgis\pro\Resources\ArcToolbox\toolboxes\Conversion Tools.tbx\FeatureClassToFeatureClass" Date="20231106" Time="100619">FeatureClassToFeatureClass WDPA_WDOECM_Oct2023_Public_AUS_shp-polygons "C:\Users\S3694613\OneDrive - RMIT University\Documents\rmit_2023\UN_datathon\MARINE_PROTECTED_AREA" mpa_qld.shp # "WDPAID "WDPAID" true true false 24 Double 15 23,First,#,WDPA_WDOECM_Oct2023_Public_AUS_shp-polygons,WDPAID,-1,-1;WDPA_PID "WDPA_PID" true true false 52 Text 0 0,First,#,WDPA_WDOECM_Oct2023_Public_AUS_shp-polygons,WDPA_PID,0,52;PA_DEF "PA_DEF" true true false 20 Text 0 0,First,#,WDPA_WDOECM_Oct2023_Public_AUS_shp-polygons,PA_DEF,0,20;NAME "NAME" true true false 254 Text 0 0,First,#,WDPA_WDOECM_Oct2023_Public_AUS_shp-polygons,NAME,0,254;ORIG_NAME "ORIG_NAME" true true false 254 Text 0 0,First,#,WDPA_WDOECM_Oct2023_Public_AUS_shp-polygons,ORIG_NAME,0,254;DESIG "DESIG" true true false 254 Text 0 0,First,#,WDPA_WDOECM_Oct2023_Public_AUS_shp-polygons,DESIG,0,254;DESIG_ENG "DESIG_ENG" true true false 254 Text 0 0,First,#,WDPA_WDOECM_Oct2023_Public_AUS_shp-polygons,DESIG_ENG,0,254;DESIG_TYPE "DESIG_TYPE" true true false 20 Text 0 0,First,#,WDPA_WDOECM_Oct2023_Public_AUS_shp-polygons,DESIG_TYPE,0,20;IUCN_CAT "IUCN_CAT" true true false 20 Text 0 0,First,#,WDPA_WDOECM_Oct2023_Public_AUS_shp-polygons,IUCN_CAT,0,20;INT_CRIT "INT_CRIT" true true false 100 Text 0 0,First,#,WDPA_WDOECM_Oct2023_Public_AUS_shp-polygons,INT_CRIT,0,100;MARINE "MARINE" true true false 20 Text 0 0,First,#,WDPA_WDOECM_Oct2023_Public_AUS_shp-polygons,MARINE,0,20;REP_M_AREA "REP_M_AREA" true true false 24 Double 15 23,First,#,WDPA_WDOECM_Oct2023_Public_AUS_shp-polygons,REP_M_AREA,-1,-1;GIS_M_AREA "GIS_M_AREA" true true false 24 Double 15 23,First,#,WDPA_WDOECM_Oct2023_Public_AUS_shp-polygons,GIS_M_AREA,-1,-1;REP_AREA "REP_AREA" true true false 24 Double 15 23,First,#,WDPA_WDOECM_Oct2023_Public_AUS_shp-polygons,REP_AREA,-1,-1;GIS_AREA "GIS_AREA" true true false 24 Double 15 23,First,#,WDPA_WDOECM_Oct2023_Public_AUS_shp-polygons,GIS_AREA,-1,-1;NO_TAKE "NO_TAKE" true true false 50 Text 0 0,First,#,WDPA_WDOECM_Oct2023_Public_AUS_shp-polygons,NO_TAKE,0,50;NO_TK_AREA "NO_TK_AREA" true true false 24 Double 15 23,First,#,WDPA_WDOECM_Oct2023_Public_AUS_shp-polygons,NO_TK_AREA,-1,-1;STATUS "STATUS" true true false 100 Text 0 0,First,#,WDPA_WDOECM_Oct2023_Public_AUS_shp-polygons,STATUS,0,100;STATUS_YR "STATUS_YR" true true false 9 Long 0 9,First,#,WDPA_WDOECM_Oct2023_Public_AUS_shp-polygons,STATUS_YR,-1,-1;GOV_TYPE "GOV_TYPE" true true false 254 Text 0 0,First,#,WDPA_WDOECM_Oct2023_Public_AUS_shp-polygons,GOV_TYPE,0,254;OWN_TYPE "OWN_TYPE" true true false 254 Text 0 0,First,#,WDPA_WDOECM_Oct2023_Public_AUS_shp-polygons,OWN_TYPE,0,254;MANG_AUTH "MANG_AUTH" true true false 254 Text 0 0,First,#,WDPA_WDOECM_Oct2023_Public_AUS_shp-polygons,MANG_AUTH,0,254;MANG_PLAN "MANG_PLAN" true true false 254 Text 0 0,First,#,WDPA_WDOECM_Oct2023_Public_AUS_shp-polygons,MANG_PLAN,0,254;VERIF "VERIF" true true false 20 Text 0 0,First,#,WDPA_WDOECM_Oct2023_Public_AUS_shp-polygons,VERIF,0,20;METADATAID "METADATAID" true true false 9 Long 0 9,First,#,WDPA_WDOECM_Oct2023_Public_AUS_shp-polygons,METADATAID,-1,-1;SUB_LOC "SUB_LOC" true true false 100 Text 0 0,First,#,WDPA_WDOECM_Oct2023_Public_AUS_shp-polygons,SUB_LOC,0,100;PARENT_ISO "PARENT_ISO" true true false 50 Text 0 0,First,#,WDPA_WDOECM_Oct2023_Public_AUS_shp-polygons,PARENT_ISO,0,50;ISO3 "ISO3" true true false 50 Text 0 0,First,#,WDPA_WDOECM_Oct2023_Public_AUS_shp-polygons,ISO3,0,50;SUPP_INFO "SUPP_INFO" true true false 254 Text 0 0,First,#,WDPA_WDOECM_Oct2023_Public_AUS_shp-polygons,SUPP_INFO,0,254;CONS_OBJ "CONS_OBJ" true true false 100 Text 0 0,First,#,WDPA_WDOECM_Oct2023_Public_AUS_shp-polygons,CONS_OBJ,0,100" #</Process></lineage></DataProperties><SyncDate>20231106</SyncDate><SyncTime>10061900</SyncTime><ModDate>20231106</ModDate><ModTime>10061900</ModTime></Esri><dataIdInfo><envirDesc Sync="TRUE">Microsoft Windows 10 Version 10.0 (Build 22621) ; Esri ArcGIS 12.8.3.29751</envirDesc><dataLang><languageCode value="eng" Sync="TRUE"></languageCode><countryCode value="AUS" Sync="TRUE"></countryCode></dataLang><idCitation><resTitle Sync="TRUE">mpa_qld</resTitle><presForm><PresFormCd value="005" Sync="TRUE"></PresFormCd></presForm></idCitation><spatRpType><SpatRepTypCd value="001" Sync="TRUE"></SpatRepTypCd></spatRpType></dataIdInfo><mdLang><languageCode value="eng" Sync="TRUE"></languageCode><countryCode value="AUS" Sync="TRUE"></countryCode></mdLang><mdChar><CharSetCd value="004" Sync="TRUE"></CharSetCd></mdChar><distInfo><distFormat><formatName Sync="TRUE">Shapefile</formatName></distFormat><distTranOps><transSize Sync="TRUE">0.000</transSize></distTranOps></distInfo><mdHrLv><ScopeCd value="005" Sync="TRUE"></ScopeCd></mdHrLv><mdHrLvName Sync="TRUE">dataset</mdHrLvName><refSysInfo><RefSystem><refSysID><identCode code="4326" Sync="TRUE"></identCode><idCodeSpace Sync="TRUE">EPSG</idCodeSpace><idVersion Sync="TRUE">6.2(3.0.1)</idVersion></refSysID></RefSystem></refSysInfo><spatRepInfo><VectSpatRep><geometObjs Name="mpa_qld"><geoObjTyp><GeoObjTypCd value="002" Sync="TRUE"></GeoObjTypCd></geoObjTyp><geoObjCnt Sync="TRUE">0</geoObjCnt></geometObjs><topLvl><TopoLevCd value="001" Sync="TRUE"></TopoLevCd></topLvl></VectSpatRep></spatRepInfo><spdoinfo><ptvctinf><esriterm Name="mpa_qld"><efeatyp Sync="TRUE">Simple</efeatyp><efeageom code="4" Sync="TRUE"></efeageom><esritopo Sync="TRUE">FALSE</esritopo><efeacnt Sync="TRUE">0</efeacnt><spindex Sync="TRUE">FALSE</spindex><linrefer Sync="TRUE">FALSE</linrefer></esriterm></ptvctinf></spdoinfo><eainfo><detailed Name="mpa_qld"><enttyp><enttypl Sync="TRUE">mpa_qld</enttypl><enttypt Sync="TRUE">Feature Class</enttypt><enttypc Sync="TRUE">0</enttypc></enttyp><attr><attrlabl Sync="TRUE">FID</attrlabl><attalias Sync="TRUE">FID</attalias><attrtype Sync="TRUE">OID</attrtype><attwidth Sync="TRUE">4</attwidth><atprecis Sync="TRUE">0</atprecis><attscale Sync="TRUE">0</attscale><attrdef Sync="TRUE">Internal feature number.</attrdef><attrdefs Sync="TRUE">Esri</attrdefs><attrdomv><udom Sync="TRUE">Sequential unique whole numbers that are automatically generated.</udom></attrdomv></attr><attr><attrlabl Sync="TRUE">Shape</attrlabl><attalias Sync="TRUE">Shape</attalias><attrtype Sync="TRUE">Geometry</attrtype><attwidth Sync="TRUE">0</attwidth><atprecis Sync="TRUE">0</atprecis><attscale Sync="TRUE">0</attscale><attrdef Sync="TRUE">Feature geometry.</attrdef><attrdefs Sync="TRUE">Esri</attrdefs><attrdomv><udom Sync="TRUE">Coordinates defining the features.</udom></attrdomv></attr><attr><attrlabl Sync="TRUE">WDPAID</attrlabl><attalias Sync="TRUE">WDPAID</attalias><attrtype Sync="TRUE">Double</attrtype><attwidth Sync="TRUE">19</attwidth><atprecis Sync="TRUE">18</atprecis><attscale Sync="TRUE">15</attscale></attr><attr><attrlabl Sync="TRUE">WDPA_PID</attrlabl><attalias Sync="TRUE">WDPA_PID</attalias><attrtype Sync="TRUE">String</attrtype><attwidth Sync="TRUE">52</attwidth><atprecis Sync="TRUE">0</atprecis><attscale Sync="TRUE">0</attscale></attr><attr><attrlabl Sync="TRUE">PA_DEF</attrlabl><attalias Sync="TRUE">PA_DEF</attalias><attrtype Sync="TRUE">String</attrtype><attwidth Sync="TRUE">20</attwidth><atprecis Sync="TRUE">0</atprecis><attscale Sync="TRUE">0</attscale></attr><attr><attrlabl Sync="TRUE">NAME</attrlabl><attalias Sync="TRUE">NAME</attalias><attrtype Sync="TRUE">String</attrtype><attwidth Sync="TRUE">254</attwidth><atprecis Sync="TRUE">0</atprecis><attscale Sync="TRUE">0</attscale></attr><attr><attrlabl Sync="TRUE">ORIG_NAME</attrlabl><attalias Sync="TRUE">ORIG_NAME</attalias><attrtype Sync="TRUE">String</attrtype><attwidth Sync="TRUE">254</attwidth><atprecis Sync="TRUE">0</atprecis><attscale Sync="TRUE">0</attscale></attr><attr><attrlabl Sync="TRUE">DESIG</attrlabl><attalias Sync="TRUE">DESIG</attalias><attrtype Sync="TRUE">String</attrtype><attwidth Sync="TRUE">254</attwidth><atprecis Sync="TRUE">0</atprecis><attscale Sync="TRUE">0</attscale></attr><attr><attrlabl Sync="TRUE">DESIG_ENG</attrlabl><attalias Sync="TRUE">DESIG_ENG</attalias><attrtype Sync="TRUE">String</attrtype><attwidth Sync="TRUE">254</attwidth><atprecis Sync="TRUE">0</atprecis><attscale Sync="TRUE">0</attscale></attr><attr><attrlabl Sync="TRUE">DESIG_TYPE</attrlabl><attalias Sync="TRUE">DESIG_TYPE</attalias><attrtype Sync="TRUE">String</attrtype><attwidth Sync="TRUE">20</attwidth><atprecis Sync="TRUE">0</atprecis><attscale Sync="TRUE">0</attscale></attr><attr><attrlabl Sync="TRUE">IUCN_CAT</attrlabl><attalias Sync="TRUE">IUCN_CAT</attalias><attrtype Sync="TRUE">String</attrtype><attwidth Sync="TRUE">20</attwidth><atprecis Sync="TRUE">0</atprecis><attscale Sync="TRUE">0</attscale></attr><attr><attrlabl Sync="TRUE">INT_CRIT</attrlabl><attalias Sync="TRUE">INT_CRIT</attalias><attrtype Sync="TRUE">String</attrtype><attwidth Sync="TRUE">100</attwidth><atprecis Sync="TRUE">0</atprecis><attscale Sync="TRUE">0</attscale></attr><attr><attrlabl Sync="TRUE">MARINE</attrlabl><attalias Sync="TRUE">MARINE</attalias><attrtype Sync="TRUE">String</attrtype><attwidth Sync="TRUE">20</attwidth><atprecis Sync="TRUE">0</atprecis><attscale Sync="TRUE">0</attscale></attr><attr><attrlabl Sync="TRUE">REP_M_AREA</attrlabl><attalias Sync="TRUE">REP_M_AREA</attalias><attrtype Sync="TRUE">Double</attrtype><attwidth Sync="TRUE">19</attwidth><atprecis Sync="TRUE">18</atprecis><attscale Sync="TRUE">15</attscale></attr><attr><attrlabl Sync="TRUE">GIS_M_AREA</attrlabl><attalias Sync="TRUE">GIS_M_AREA</attalias><attrtype Sync="TRUE">Double</attrtype><attwidth Sync="TRUE">19</attwidth><atprecis Sync="TRUE">18</atprecis><attscale Sync="TRUE">15</attscale></attr><attr><attrlabl Sync="TRUE">REP_AREA</attrlabl><attalias Sync="TRUE">REP_AREA</attalias><attrtype Sync="TRUE">Double</attrtype><attwidth Sync="TRUE">19</attwidth><atprecis Sync="TRUE">18</atprecis><attscale Sync="TRUE">15</attscale></attr><attr><attrlabl Sync="TRUE">GIS_AREA</attrlabl><attalias Sync="TRUE">GIS_AREA</attalias><attrtype Sync="TRUE">Double</attrtype><attwidth Sync="TRUE">19</attwidth><atprecis Sync="TRUE">18</atprecis><attscale Sync="TRUE">15</attscale></attr><attr><attrlabl Sync="TRUE">NO_TAKE</attrlabl><attalias Sync="TRUE">NO_TAKE</attalias><attrtype Sync="TRUE">String</attrtype><attwidth Sync="TRUE">50</attwidth><atprecis Sync="TRUE">0</atprecis><attscale Sync="TRUE">0</attscale></attr><attr><attrlabl Sync="TRUE">NO_TK_AREA</attrlabl><attalias Sync="TRUE">NO_TK_AREA</attalias><attrtype Sync="TRUE">Double</attrtype><attwidth Sync="TRUE">19</attwidth><atprecis Sync="TRUE">18</atprecis><attscale Sync="TRUE">15</attscale></attr><attr><attrlabl Sync="TRUE">STATUS</attrlabl><attalias Sync="TRUE">STATUS</attalias><attrtype Sync="TRUE">String</attrtype><attwidth Sync="TRUE">100</attwidth><atprecis Sync="TRUE">0</atprecis><attscale Sync="TRUE">0</attscale></attr><attr><attrlabl Sync="TRUE">STATUS_YR</attrlabl><attalias Sync="TRUE">STATUS_YR</attalias><attrtype Sync="TRUE">Integer</attrtype><attwidth Sync="TRUE">9</attwidth><atprecis Sync="TRUE">9</atprecis><attscale Sync="TRUE">0</attscale></attr><attr><attrlabl Sync="TRUE">GOV_TYPE</attrlabl><attalias Sync="TRUE">GOV_TYPE</attalias><attrtype Sync="TRUE">String</attrtype><attwidth Sync="TRUE">254</attwidth><atprecis Sync="TRUE">0</atprecis><attscale Sync="TRUE">0</attscale></attr><attr><attrlabl Sync="TRUE">OWN_TYPE</attrlabl><attalias Sync="TRUE">OWN_TYPE</attalias><attrtype Sync="TRUE">String</attrtype><attwidth Sync="TRUE">254</attwidth><atprecis Sync="TRUE">0</atprecis><attscale Sync="TRUE">0</attscale></attr><attr><attrlabl Sync="TRUE">MANG_AUTH</attrlabl><attalias Sync="TRUE">MANG_AUTH</attalias><attrtype Sync="TRUE">String</attrtype><attwidth Sync="TRUE">254</attwidth><atprecis Sync="TRUE">0</atprecis><attscale Sync="TRUE">0</attscale></attr><attr><attrlabl Sync="TRUE">MANG_PLAN</attrlabl><attalias Sync="TRUE">MANG_PLAN</attalias><attrtype Sync="TRUE">String</attrtype><attwidth Sync="TRUE">254</attwidth><atprecis Sync="TRUE">0</atprecis><attscale Sync="TRUE">0</attscale></attr><attr><attrlabl Sync="TRUE">VERIF</attrlabl><attalias Sync="TRUE">VERIF</attalias><attrtype Sync="TRUE">String</attrtype><attwidth Sync="TRUE">20</attwidth><atprecis Sync="TRUE">0</atprecis><attscale Sync="TRUE">0</attscale></attr><attr><attrlabl Sync="TRUE">METADATAID</attrlabl><attalias Sync="TRUE">METADATAID</attalias><attrtype Sync="TRUE">Integer</attrtype><attwidth Sync="TRUE">9</attwidth><atprecis Sync="TRUE">9</atprecis><attscale Sync="TRUE">0</attscale></attr><attr><attrlabl Sync="TRUE">SUB_LOC</attrlabl><attalias Sync="TRUE">SUB_LOC</attalias><attrtype Sync="TRUE">String</attrtype><attwidth Sync="TRUE">100</attwidth><atprecis Sync="TRUE">0</atprecis><attscale Sync="TRUE">0</attscale></attr><attr><attrlabl Sync="TRUE">PARENT_ISO</attrlabl><attalias Sync="TRUE">PARENT_ISO</attalias><attrtype Sync="TRUE">String</attrtype><attwidth Sync="TRUE">50</attwidth><atprecis Sync="TRUE">0</atprecis><attscale Sync="TRUE">0</attscale></attr><attr><attrlabl Sync="TRUE">ISO3</attrlabl><attalias Sync="TRUE">ISO3</attalias><attrtype Sync="TRUE">String</attrtype><attwidth Sync="TRUE">50</attwidth><atprecis Sync="TRUE">0</atprecis><attscale Sync="TRUE">0</attscale></attr><attr><attrlabl Sync="TRUE">SUPP_INFO</attrlabl><attalias Sync="TRUE">SUPP_INFO</attalias><attrtype Sync="TRUE">String</attrtype><attwidth Sync="TRUE">254</attwidth><atprecis Sync="TRUE">0</atprecis><attscale Sync="TRUE">0</attscale></attr><attr><attrlabl Sync="TRUE">CONS_OBJ</attrlabl><attalias Sync="TRUE">CONS_OBJ</attalias><attrtype Sync="TRUE">String</attrtype><attwidth Sync="TRUE">100</attwidth><atprecis Sync="TRUE">0</atprecis><attscale Sync="TRUE">0</attscale></attr></detailed></eainfo><mdDateSt Sync="TRUE">20231106</mdDateSt></metadata>
